q_id,questions,answer,contexts
1,我不想要紙本帳單了，想改用手機收簡訊看水費，要去哪裡登記？,您可以前往台水公司網站，找到「簡訊帳單」的相關資訊，點選簡訊帳單的連結，並輸入手機號碼及認證碼，完成驗證程序後即可啟用簡訊帳單服務。如果您有其他問題或需要進一步協助，歡迎隨時聯絡我們。,"[""'什麼是「簡訊帳單」？'\n'**發布日期**: 2022/09/15'\n'本公司為響應節能減碳，提供即時帳單通知服務，將現行紙本帳單改以「簡訊」方式發送，點開簡訊所附的帳單連結，並輸入手機號碼及認證碼，完成驗證程序後即可開啟當期帳單。'""]"
2,家裡的水龍頭打開有一股像游泳池的味道，這是不是水質有問題？,"家裡的水龍頭打開有一股像游泳池的味道，這可能是因為家中使用的水質處理方式或加氯劑的使用，導致水中有氯味。這種情況通常不會對人體健康造成直接影響，但如果持續出現這種味道，建議您可以：

1. 將水龍頭開大，讓水流過幾分鐘，看看是否能減少氯味。
2. 如果氯味仍然存在，可以考慮使用濾水器來過濾水中的氯氣。
3. 如果問題持續存在，建議聯絡台水公司，他們會協助進行水質檢驗，以確保水質安全。

不過，如果水龍頭打開時有異味，除了氯味外，還可能有其他原因，例如水管內壁的腐蝕、水質中的某些化學物質等。建議您聯絡台水公司，由專業人員進行檢測和協助解決問題。","[""游泳池味道 水質問題""]"
3,浴室地板看到紅色的線蟲在動，是自來水管裡面爬出來的嗎？會不會生病？,"浴室地板上看到的紅色線蟲並不是自來水管內爬出來的。這些線蟲可能是由其他原因造成的，例如土壤中的線蟲、家裡的寵物排泄物等。至於是否會生病，這取決於線蟲的種類和數量。如果線蟲來源不明確，建議不要直接接觸，避免可能的健康風險。

若發現有不明線蟲，建議聯繫當地的衛生部門或專業機構進行進一步的檢驗和處理，以確保安全。同時，保持衛生環境的清潔和乾燥，可以減少線蟲的出現。","[""['**發布日期**: 2022/09/15', '來源：https://www.water.gov.tw/ch/Subject/Detail/14398?nodeId=4889', '**發布日期**: 2022/09/15']""]"
4,水費單已經過期幾天了，還可以直接去7-11繳錢嗎？還是要去水公司？,水費單過期後，建議直接前往水公司繳費，因為過期的水費單可能無法在7-11等便利商店繳費。如果確實有急事需要繳費，可以先聯繫水公司，了解是否有其他繳費方式或臨時安排。,"[""'什麼是「簡訊帳單」？'\n'**發布日期**: 2022/09/15'\n'本公司為響應節能減碳，提供即時帳單通知服務，將現行紙本帳單改以「簡訊」方式發送，點開簡訊所附的帳單連結，並輸入手機號碼及認證碼，完成驗證程序後即可開啟當期帳單。'""]"
5,水龍頭流出來的水白白的像牛奶一樣，放一下又變透明，是不是有加什麼化學藥劑？,"水龍頭流出來的水白白的像牛奶一樣，放一下又變透明，這可能是因為水中的礦物質（如碳酸鈣）在水流過時溶解，產生了白色沉淀。這種現象通常不會對人體健康造成影響，但如果持續出現，建議聯繫當地的供水公司進行檢測和協助解決。

如果擔心水中有化學藥劑，可以向當地的供水公司或環境保護部門查詢，了解當地的水質狀況和處理方式。同時，也可以注意觀察水質是否有異味、顏色、味道等不正常情況，如有需要，可以採取樣本送檢，以確保水質安全。","[""['**發布日期**: 2022/09/15', '**發布日期**: 2022/09/15', '註：代繳是指「以存款帳戶或信用卡自動扣繳水費」。']""]"
