q_id,questions,answer,retrieved_context
1,我不想要紙本帳單了，想改用手機收簡訊看水費，要去哪裡登記？,您可以前往我們的網站或官網，找到相關的登記頁面，填寫必要的個人資料和聯絡資訊，進行簡訊帳單通知的登記。通常，這些資訊會包含在「我的帳單」、「帳單通知設定」等類型的頁面中。如果還有任何疑問，建議直接聯繫我們的客服部門，他們會協助您完成登記流程。,"[""手機收簡訊 水費 登記\n\n- 本公司為響應節能減碳，提供即時帳單通知服務，將現行紙本帳單改以「簡訊」方式發送，點開簡訊所附的帳單連結，並輸入手機號碼及認證碼，完成驗證程序後即可開啟當期帳單。""]"
2,家裡的水龍頭打開有一股像游泳池的味道，這是不是水質有問題？,"家裡的水龍頭打開有一股像游泳池的味道，這可能是由以下幾種情況造成的：

1. **氯味**：游泳池中的水通常會加入氯來殺菌和保持水質潔凈，這會產生一種類似氯的味道。如果家裡的水龍頭打開時有這種味道，有可能是因為家裡的供水系統中混入了來自游泳池的水。

2. **過度使用氯消毒劑**：如果家裡的供水系統中使用了過多的氯消毒劑，也可能會產生類似游泳池的氯味。

3. **供水管路老化或腐蝕**：供水管路若老化或腐蝕，可能會釋放出一些異味，包括氯味。

4. **水源污染**：水源若受到污染，也有可能帶有異味，包括氯味。

5. **其他化學品污染**：若水源被其他化學品污染，也可能帶有異味。

建議採取以下措施來判斷和解決問題：

- **檢查供水系統**：查看家裡的供水系統是否有任何異常，如管路是否老化、是否有腐蝕現象等。
- **檢測水質**：可以請當地的水務部門或專業機構檢測家裡的水質，以確定是否真的存在問題。
- **調整氯消毒劑使用量**：若是由於過度使用氯消毒劑導致的氯味，可以考慮調整使用的量。
- **更換供水管路**：若供水管路確實老化或腐蝕，可能需要更換新的供水管路。

如果以上方法無法解決問題，或者問題持續存在，建議聯繫專業的供水公司或相關部門進行進一步的檢測和處理。","[""水龍頭 水質 游泳池味道\n\n參考內容中沒有直接與“水龍頭 水質 游泳池味道”相關的信息。這些問題可能涉及不同的領域，如生活用品、健康或游泳设施管理等，但提供的参考内容并未包含具体解答。""]"
3,浴室地板看到紅色的線蟲在動，是自來水管裡面爬出來的嗎？會不會生病？,"浴室地板上出現紅色的線蟲，這可能是由多種原因造成的。線蟲通常不會直接來自自來水管，因為自來水管的水質經過處理，一般情況下不會有活的線蟲。線蟲可能來自於其他地方，例如：

1. **環境污染**：線蟲可能來自於外部環境，如土壤、植物或動物糞便等。
2. **食物殘渣**：如果浴室地板上有未完全清理的食物殘渣，線蟲可能會在這些地方繁殖。
3. **其他生物**：某些小型動物（如蟑螂）也可能攜帶線蟲。

線蟲本身並不會直接對人體造成嚴重的健康風險，但若線蟲數量過多，可能會引發一些不適感，如皮膚瘙癢、眼睛刺激等。如果發現線蟲，建議：

- 清潔浴室地板，特別是那些容易積聚髒物的地方。
- 使用殺蟲劑進行消毒，但注意不要使用對人體有害的化學品。
- 如果情況持續或加重，建議尋求專業人士協助，以確保安全。

若出現不明原因的身體不適，應及時就醫，以排除其他可能的健康問題。","[""沒有與問題「浴室 地板 紅色 線蟲 自來水管 生病」相關的內容片段。提供的參考內容主要涉及水費帳單的申請和代繳方式，與問題中的关键词无关。""]"
4,水費單已經過期幾天了，還可以直接去7-11繳錢嗎？還是要去水公司？,"根據您提供的信息，水費單過期的情況下，您可以選擇以下兩種方式繳費：

1. **直接去水公司繳費**：如果水費單已經過期，建議直接前往水公司繳費，以確保您的水費得到及時繳納，避免產生更多的逾期費用和利息。

2. **通過7-11繳費**：部分地區的水公司可能與7-11合作，提供代繳水費的服務。您可以前往最近的7-11門市，使用其繳費功能，按指示操作完成繳費。具體是否支持此項服務，請參閱當地水公司公告或聯絡客服了解。

建議您先確認水公司網站或客服電話，以獲得最準確的資訊，確保繳費流程順利進行。","[""水費單過期、7-11繳費、水公司\n\n何時開始實施簡訊帳單服務？\n\n本公司為響應節能減碳，提供即時帳單通知服務，將現行紙本帳單改以「簡訊」方式發送，點開簡訊所附的帳單連結，並輸入手機號碼及認證碼，完成驗證程序後即可開啟當期帳單。\n\n來源：https://www.water.gov.tw/ch/Subject/Detail/14398?nodeId=4889""]"
5,水龍頭流出來的水白白的像牛奶一樣，放一下又變透明，是不是有加什麼化學藥劑？,"水龍頭流出的水如果變白，並且在放置一段時間後變透明，這可能是由幾種情況造成的：

1. **水質問題**：某些地區的地下水可能含有高含量的碳酸鈣、二氧化硅等礦物質，這些礦物質在水流過時會析出，使水呈現白色。這種情況通常在放置一段時間後會自然澄清。

2. **水垢或沉澱物**：長期未清洗的水龍頭和水管內壁可能會積累水垢或其他沉澱物，這些物質在水流過時會被帶出，造成水變白。清洗水龍頭和水管內部可以解決這個問題。

3. **化學藥劑**：如果水龍頭流出的水持續保持白色，並且在放置後不變透明，這可能是添加了某些化學藥劑的表現。例如，某些殺菌劑、漂白劑等，這些化學藥劑可能會使水變白，但通常不會在放置後自然澄清。

4. **其他原因**：還有可能是水龍頭或水管內有異物堵塞，導致水流過時帶出白色物質。

如果水龍頭流出的水持續保持白色，建議進行以下檢查：
- 清洗水龍頭和水管內部。
- 檢查是否有異物堵塞。
- 如果以上方法不能解決問題，建議聯繫專業的水務公司或相關部門進行檢測，以確定是否添加了化學藥劑。

在任何情況下，確保飲用水的安全性是非常重要的。如果對水質有疑慮，建議使用濾水器或沸騰水來進一步處理。","[""水龍頭 水 白白 牛奶 化學藥劑""]"
