conversation_id,questions_id,questions,answer,source
1,1,Google Cloud 的 N4A 虛擬機器有什麼特色？,"Google Cloud N4A 虛擬機器的特色如下：

*   **採用最新一代 Google Axion 處理器**：內建 Arm Neoverse N3 平臺的運算核心，並整合 Google 自行發展的動態資源管理技術，以及 Titanium 網路與儲存工作卸載技術。
*   **性價比高**：相較於主流 x86 架構 CPU 虛擬機器，提供兩倍的性價比（price-performance）。
*   **能源效率高**：每瓦效能領先幅度達到 80%。
*   **應用廣泛**：適合微服務、容器化應用系統、開放原始碼資料庫系統、批次處理、資料分析、軟體開發環境、實驗測試、資料準備、網站服務以及 AI 應用等多元工作負載。
*   **效能提升**：在不同應用場景下，相較於 x86 虛擬機器，效能提升幅度可達 5% 至 205%（例如：Java 應用系統成本效益高出 85%，網站伺服器系統領先比例為 90%）。
*   **GKE 支援**：可在 GKE 叢集的 Autopilot（全代管）或標準運作模式中使用，Autopilot 版本需使用 1.34.1-gke.3403001 以上。",data_04.txt
1,2,它跟上一代的 C4A 有什麼不同？,"Google Cloud N4A 虛擬機器與 C4A 裸機的主要差異在於：

*   **類型：** N4A 屬於**雲端虛擬機器**系列，而 C4A 屬於**裸機**組態。
*   **資源分配：** N4A 提供的是虛擬化的運算資源，多個虛擬機器共享實體伺服器。C4A 提供的是**專屬於單一用戶執行的實體伺服器系統**，資源不與其他用戶共享。
*   **適用場景：** N4A 適合一般用途的應用系統，例如資料庫、Java應用、網站伺服器等，強調成本效益。C4A 則適合需要專用資源、效能要求高，或有特殊授權限制的工作負載，例如 Android 開發、自動駕駛系統、複雜模擬等。
*   **架構：** 兩者皆採用 Google Axion 處理器，但 C4A 是 Google Cloud 首款導入 Arm 架構的裸機運算服務。N4A 則是第二批採用 Axion 處理器的一般用途虛擬機器。",data_04.txt
1,3,那目前可以在哪些地區使用這個服務？,"Google Cloud N4A 虛擬機器目前可用的地區包含：

*   us-central1（愛荷華州）
*   us-east4（北維吉尼亞州）
*   europe-west3（法蘭克福）
*   europe-west4（荷蘭）
*   us-east1（南卡羅萊納州）
*   us-west1（奧勒岡州）
*   asia-southeast1（新加坡）
*   europe-west1（比利時）
*   europe-west2（倫敦）",data_04.txt
2,1,最近去日本旅遊天氣要注意什麼？,"根據資訊，日本旅遊近期需要注意以下幾點：

**天氣注意事項：**

*   日本最近天氣寒冷，且頻繁降雪，預估2月7日至9日將有強烈冷空氣襲捲，可能出現強風、降雪甚至暴風雪，天氣狀況惡劣。
*   九州地區仍持續流行流感，關東地區（特別是東京周邊縣份）也再次出現疫情。

**H3N2 流感疫情影響：**

*   日本正經歷第二波流感流行，除了之前的A型H3N2，也混有B型流感。
*   日本流感患者人數自1月起持續增加，截至1月25日一周，全日本醫療機構通報的流感患者已達6萬3326人，且有42個都道府縣的患者數比前一周增加。
*   目前病毒型別以A型H3為主（占74%），但B型流感占比明顯增加（26%），因此這波流感是A型H3與B型流感混合流行。
*   東京目前比較流行的區域包括八王子市、町田市、中野區、豐島區、北區、荒川區、江東區。

**建議：**

前往日本旅遊時，請務必注意保暖，並做好流感預防措施，例如勤洗手、戴口罩、避免前往人潮擁擠的地方。若有不適症狀，應及時就醫。",data_03.txt
2,2,那邊現在有流感疫情嗎？,"根據資訊，日本目前同時有 H3N2 和 B 型流感疫情。

*   最近5周間鑑定的病毒型別中，A型H3佔74%，B型佔26%，顯示B型流感占比明顯增加。
*   林氏璧表示這波流感是混著B流而來的第二波。
*   台日兩邊都開始了秋冬的第二波流感流行，不只是A型H3N2，也混著B型流感。",data_03.txt
2,3,東京的情況嚴重嗎？,"根據資訊，日本東京目前流感疫情確實正在流行。關東地區，特別是東京周邊縣份，在榜單上再次出現，顯示疫情有升溫趨勢。東京比較流行的區域包括八王子市、町田市、中野區、豐島區、北區、荒川區、江東區。

至於病毒型別的流行情況，最近五周間鑑定的病毒型別中，A型H3佔74%，B型佔26%。B型流感占比明顯增加，顯示這波流感是A型H3與B型流感混合流行的第二波疫情。",data_03.txt
