q_id,questions,answer,Faithfulness（忠實度）,Answer_Relevancy（答案相關性）,Contextual_Recall（上下文召回率）,Contextual_Precision（上下文精確度）,Contextual_Relevancy（上下文相關性）
1,我不想要紙本帳單了，想改用手機收簡訊看水費，要去哪裡登記？,"根據資料，要改用手機收簡訊看水費，您可以到以下地方登記：

*   **本公司網路e櫃台/E帳單申辦/簡訊帳單/申請簡訊帳單**，並經手機OTP認證。

申請成功後，自當期或下期起就會以簡訊發送帳單到您的手機，不再寄送紙本帳單，並且可以享有每期水費減免5元（優惠期限至114年12月止）。
",1.0,1.0,1.0,0.4761904761904762,0.7692307692307693
2,家裡的水龍頭打開有一股像游泳池的味道，這是不是水質有問題？,"根據資料，家裡的水龍頭打開有一股像游泳池的味道，**很有可能是因為自來水有消毒水味**。

資料中提到：

*   正常的自來水可能會有「些微消毒水味是正常現象」。
*   「對一般人而言，這種濃度的自來水聞起來或喝起來沒有明顯的味道，但有少數嗅覺或味覺較敏感的人才會感覺到較重的消毒水味，對人體健康並無影響。」
*   「自來水有輕微的消毒水味，表示水質是衛生安全的。」

游泳池的味道通常是氯氣的味道，而自來水為了衛生安全會加氯消毒，因此這股味道很可能是氯氣造成的。

**建議：** 如果味道很重，或持續存在，可以撥打台水公司客服專線(直撥1910)洽詢，確認水質是否符合標準。
",1.0,1.0,1.0,0.8142857142857143,0.9333333333333333
3,浴室地板看到紅色的線蟲在動，是自來水管裡面爬出來的嗎？會不會生病？,"根據資料，浴室地板看到紅色的線蟲在動，**不是**自來水管裡面爬出來的。

資料中明確指出：

*   **自來水供水過程中爬蟲等小動物是無法侵入供水管線內的。**
*   自來水處理過程有過濾、消毒，且維持餘氯和水壓，小型動物無法存活。

因此，這條蟲更有可能是：

*   **紅蟲可能是經由水溝排水管爬上來。**
*   **蓄水塔不乾淨而滋生。**

**喝到這種蟲會不會影響健康？**

資料並未提及紅蟲對健康的影響，但一般來說，飲用含有蟲子的水可能導致腸胃不適。**建議不要飲用含有蟲子的水。**

**總結：**

浴室地板的紅蟲不是來自自來水管，而是可能來自排水管或蓄水塔。為了健康，不要飲用含有蟲的水，並檢查排水系統和蓄水塔，保持清潔。
",1.0,1.0,1.0,1.0,0.8
4,水費單已經過期幾天了，還可以直接去7-11繳錢嗎？還是要去水公司？,"根據資料，水費單過期後（超過收費月1-21日），**在代收期限內（次月21日止）**，仍然可以去**超商（包含7-11）**繳費，但會**併下期水費依章計收遲延繳付費**。

如果已經超過代收期限（次月22日以後），就需要**直接到本公司當地服務、營運所繳費**了。
",1.0,0.8571428571428571,1.0,0.8263888888888888,0.875
5,水龍頭流出來的水白白的像牛奶一樣，放一下又變透明，是不是有加什麼化學藥劑？,"根據資料，水龍頭流出來的水白白的像牛奶一樣，放一下又變透明，**並不是因為加了化學藥劑**。

資料中明確說明：

*   **「因此而使得從水龍頭流出的自來水夾帶大量的氣泡，看起來白濁，但放置一會兒又變成清澈，這與水質沒有任何關係。」**
*   **「所述狀況是因為在輸送自來水至用戶的管線中需加壓送水，在加壓過程時會混入空氣，使得從水龍頭流出的自來水夾帶大量的氣泡，看起來白濁(或似有冒煙)，但放置一會兒，氣泡自然消失就可變回清澈。」**

因此，這種現象是**因為加壓送水時混入了空氣**，導致水看起來白濁，但空氣會自然消散，水就會變回清澈。資料也特別強調**這與水質沒有關係**，請民眾安心使用。
",1.0,1.0,1.0,0.43333333333333335,0.5454545454545454
